genotypes	genotype_numbers	Param_PlHeight_Geno0	Param_PlHeight_Geno10	Param_PlHeight_Geno19	Param_PlHeight_Geno21	Param_PlHeight_Geno22	Param_PlHeight_Geno24	Param_PlHeight_Geno39	Param_PlHeight_Geno43	Param_PlHeight_Geno44	Param_PlHeight_Geno6	Param_PlHeight_Geno71	Param_PlHeight_Geno83	Param_PlHeight_Geno85	Param_PlHeight_Geno87	Param_PlHeight_Geno92
Geno0,Geno10,Geno19,Geno21,Geno22,Geno24,Geno39,Geno43,Geno44,Geno6,Geno71,Geno83,Geno85,Geno87,Geno92	82,1,2,1,1,2,1,2,1,1,2,1,1,1,1	140.0	117.57009345794394	139.1588785046729	125.84112149532712	116.44859813084113	120.93457943925235	131.44859813084113	128.78504672897196	125.98130841121497	127.10280373831776	92.89719626168224	138.03738317757012	127.38317757009347	106.35514018691589	123.17757009345796
