genotypes	genotype_numbers	Param_PlHeight_Geno0	Param_PlHeight_Geno10	Param_PlHeight_Geno2	Param_PlHeight_Geno32	Param_PlHeight_Geno48	Param_PlHeight_Geno49	Param_PlHeight_Geno58	Param_PlHeight_Geno60	Param_PlHeight_Geno66	Param_PlHeight_Geno99
Geno0,Geno10,Geno2,Geno32,Geno48,Geno49,Geno58,Geno60,Geno66,Geno99	77,2,10,3,3,1,1,1,1,1	140.0	123.17757009345796	139.1588785046729	131.30841121495328	121.77570093457945	120.37383177570095	130.88785046728975	135.23364485981307	130.7476635514019	144.06542056074767
