genotypes	genotype_numbers	Param_PlHeight_Geno0	Param_PlHeight_Geno1	Param_PlHeight_Geno10	Param_PlHeight_Geno13	Param_PlHeight_Geno15	Param_PlHeight_Geno17	Param_PlHeight_Geno18	Param_PlHeight_Geno2	Param_PlHeight_Geno29	Param_PlHeight_Geno3	Param_PlHeight_Geno32	Param_PlHeight_Geno33	Param_PlHeight_Geno36	Param_PlHeight_Geno39	Param_PlHeight_Geno4	Param_PlHeight_Geno40	Param_PlHeight_Geno45	Param_PlHeight_Geno46	Param_PlHeight_Geno48	Param_PlHeight_Geno49	Param_PlHeight_Geno54	Param_PlHeight_Geno6	Param_PlHeight_Geno71	Param_PlHeight_Geno76	Param_PlHeight_Geno87	Param_PlHeight_Geno94	Param_PlHeight_Geno98
Geno0,Geno1,Geno10,Geno13,Geno15,Geno17,Geno18,Geno2,Geno29,Geno3,Geno32,Geno33,Geno36,Geno39,Geno4,Geno40,Geno45,Geno46,Geno48,Geno49,Geno54,Geno6,Geno71,Geno76,Geno87,Geno94,Geno98	1,1,1,4,10,1,1,5,7,1,1,1,1,1,46,1,1,1,1,1,2,6,1,1,1,1,1	119.6728971962617	135.09345794392524	141.68224299065423	144.76635514018693	131.30841121495328	132.99065420560748	137.05607476635515	113.64485981308412	142.80373831775702	126.68224299065422	142.6635514018692	136.6355140186916	139.85981308411218	138.73831775700936	140.0	142.3831775700935	138.03738317757012	142.3831775700935	133.8317757009346	135.93457943925233	140.84112149532712	139.1588785046729	134.67289719626172	130.1869158878505	145.32710280373834	139.85981308411218	132.85046728971963
