genotypes	genotype_numbers	Param_PlHeight_Geno0	Param_PlHeight_Geno24	Param_PlHeight_Geno40	Param_PlHeight_Geno46	Param_PlHeight_Geno48	Param_PlHeight_Geno52	Param_PlHeight_Geno60	Param_PlHeight_Geno66	Param_PlHeight_Geno70	Param_PlHeight_Geno73	Param_PlHeight_Geno85	Param_PlHeight_Geno89	Param_PlHeight_Geno90	Param_PlHeight_Geno94	Param_PlHeight_Geno96
Geno0,Geno24,Geno40,Geno46,Geno48,Geno52,Geno60,Geno66,Geno70,Geno73,Geno85,Geno89,Geno90,Geno94,Geno96	85,1,1,1,1,1,1,1,1,1,1,1,1,1,2	140.0	89.53271028037383	113.22429906542057	98.64485981308412	113.36448598130842	103.41121495327104	85.18691588785047	122.89719626168225	113.50467289719627	110.00000000000001	125.56074766355142	95.70093457943926	120.93457943925235	114.20560747663552	80.0
