genotypes	genotype_numbers	Param_PlHeight_Geno0	Param_PlHeight_Geno10	Param_PlHeight_Geno11	Param_PlHeight_Geno22	Param_PlHeight_Geno27	Param_PlHeight_Geno30	Param_PlHeight_Geno38	Param_PlHeight_Geno41	Param_PlHeight_Geno65	Param_PlHeight_Geno69	Param_PlHeight_Geno73	Param_PlHeight_Geno84	Param_PlHeight_Geno87	Param_PlHeight_Geno93	Param_PlHeight_Geno95	Param_PlHeight_Geno98
Geno0,Geno10,Geno11,Geno22,Geno27,Geno30,Geno38,Geno41,Geno65,Geno69,Geno73,Geno84,Geno87,Geno93,Geno95,Geno98	79,5,2,1,1,2,1,1,1,1,1,1,1,1,1,1	140.0	117.57009345794394	92.89719626168224	135.23364485981307	116.44859813084113	139.1588785046729	140.84112149532712	116.44859813084113	134.392523364486	123.5981308411215	121.77570093457945	123.17757009345796	129.48598130841123	135.23364485981307	115.74766355140189	128.78504672897196
