genotypes	genotype_numbers	Param_PlHeight_Geno0	Param_PlHeight_Geno1	Param_PlHeight_Geno15	Param_PlHeight_Geno16	Param_PlHeight_Geno25	Param_PlHeight_Geno27	Param_PlHeight_Geno3	Param_PlHeight_Geno36	Param_PlHeight_Geno37	Param_PlHeight_Geno38	Param_PlHeight_Geno41	Param_PlHeight_Geno63	Param_PlHeight_Geno67	Param_PlHeight_Geno77	Param_PlHeight_Geno87	Param_PlHeight_Geno9
Geno0,Geno1,Geno15,Geno16,Geno25,Geno27,Geno3,Geno36,Geno37,Geno38,Geno41,Geno63,Geno67,Geno77,Geno87,Geno9	1,59,5,1,1,3,16,1,1,4,3,1,1,1,1,1	139.57943925233647	140.0	131.30841121495328	141.40186915887853	135.23364485981307	145.32710280373834	139.1588785046729	139.57943925233647	142.3831775700935	142.80373831775702	113.64485981308412	138.45794392523368	142.52336448598132	135.23364485981307	142.80373831775702	144.76635514018693
