genotypes	genotype_numbers	Param_PlHeight_Geno0	Param_PlHeight_Geno12	Param_PlHeight_Geno13	Param_PlHeight_Geno20	Param_PlHeight_Geno26	Param_PlHeight_Geno42	Param_PlHeight_Geno5	Param_PlHeight_Geno71	Param_PlHeight_Geno72	Param_PlHeight_Geno8	Param_PlHeight_Geno81	Param_PlHeight_Geno87	Param_PlHeight_Geno9
Geno0,Geno12,Geno13,Geno20,Geno26,Geno42,Geno5,Geno71,Geno72,Geno8,Geno81,Geno87,Geno9	81,1,2,1,1,1,4,1,1,1,1,1,4	140.0	135.23364485981307	123.17757009345796	139.57943925233647	130.7476635514019	135.23364485981307	121.77570093457945	131.30841121495328	126.26168224299066	136.9158878504673	130.88785046728975	117.57009345794394	139.1588785046729
