genotypes	genotype_numbers	Param_PlHeight_Geno0	Param_PlHeight_Geno21	Param_PlHeight_Geno22	Param_PlHeight_Geno23	Param_PlHeight_Geno25	Param_PlHeight_Geno28	Param_PlHeight_Geno29	Param_PlHeight_Geno32	Param_PlHeight_Geno41	Param_PlHeight_Geno44	Param_PlHeight_Geno47	Param_PlHeight_Geno5	Param_PlHeight_Geno53	Param_PlHeight_Geno55	Param_PlHeight_Geno62	Param_PlHeight_Geno63	Param_PlHeight_Geno66	Param_PlHeight_Geno69	Param_PlHeight_Geno7	Param_PlHeight_Geno73	Param_PlHeight_Geno74	Param_PlHeight_Geno84
Geno0,Geno21,Geno22,Geno23,Geno25,Geno28,Geno29,Geno32,Geno41,Geno44,Geno47,Geno5,Geno53,Geno55,Geno62,Geno63,Geno66,Geno69,Geno7,Geno73,Geno74,Geno84	75,1,2,1,1,1,1,1,1,1,4,1,1,1,1,1,1,1,1,1,1,1	140.0	116.72897196261682	106.35514018691589	107.61682242990656	92.89719626168224	85.18691588785047	110.84112149532712	130.04672897196264	90.93457943925235	116.44859813084113	120.93457943925235	126.12149532710282	116.44859813084113	105.5140186915888	122.33644859813086	133.5514018691589	120.37383177570095	118.8317757009346	106.21495327102807	98.50467289719629	106.77570093457945	108.73831775700936
