genotypes	genotype_numbers	Param_PlHeight_Geno0	Param_PlHeight_Geno1	Param_PlHeight_Geno2	Param_PlHeight_Geno26	Param_PlHeight_Geno36	Param_PlHeight_Geno48	Param_PlHeight_Geno50	Param_PlHeight_Geno54	Param_PlHeight_Geno6	Param_PlHeight_Geno65	Param_PlHeight_Geno69	Param_PlHeight_Geno7	Param_PlHeight_Geno75	Param_PlHeight_Geno8	Param_PlHeight_Geno89	Param_PlHeight_Geno91	Param_PlHeight_Geno94
Geno0,Geno1,Geno2,Geno26,Geno36,Geno48,Geno50,Geno54,Geno6,Geno65,Geno69,Geno7,Geno75,Geno8,Geno89,Geno91,Geno94	1,3,65,1,2,2,1,1,1,1,1,1,1,16,1,1,1	139.57943925233647	131.30841121495328	140.0	144.06542056074767	121.77570093457945	123.17757009345796	138.73831775700936	135.23364485981307	122.33644859813086	139.57943925233647	117.57009345794394	113.64485981308412	125.98130841121497	139.1588785046729	135.23364485981307	112.80373831775702	140.14018691588788
