genotypes	genotype_numbers	Param_PlHeight_Geno0	Param_PlHeight_Geno10	Param_PlHeight_Geno26	Param_PlHeight_Geno30	Param_PlHeight_Geno31	Param_PlHeight_Geno37	Param_PlHeight_Geno43	Param_PlHeight_Geno47	Param_PlHeight_Geno50	Param_PlHeight_Geno63
Geno0,Geno10,Geno26,Geno30,Geno31,Geno37,Geno43,Geno47,Geno50,Geno63	83,1,4,1,1,2,2,3,1,2	140.0	117.85046728971965	135.23364485981307	116.44859813084113	136.9158878504673	139.1588785046729	117.57009345794394	121.77570093457945	138.5981308411215	123.17757009345796
