genotypes	genotype_numbers	Param_PlHeight_Geno0	Param_PlHeight_Geno1	Param_PlHeight_Geno14	Param_PlHeight_Geno19	Param_PlHeight_Geno21	Param_PlHeight_Geno31	Param_PlHeight_Geno34	Param_PlHeight_Geno37	Param_PlHeight_Geno39	Param_PlHeight_Geno40	Param_PlHeight_Geno5	Param_PlHeight_Geno54	Param_PlHeight_Geno75	Param_PlHeight_Geno8
Geno0,Geno1,Geno14,Geno19,Geno21,Geno31,Geno34,Geno37,Geno39,Geno40,Geno5,Geno54,Geno75,Geno8	1,58,3,5,6,1,1,1,1,1,19,1,1,1	141.40186915887853	140.0	142.80373831775702	131.30841121495328	113.64485981308412	142.24299065420564	145.32710280373834	135.23364485981307	141.40186915887853	140.42056074766356	139.1588785046729	140.14018691588788	126.82242990654207	137.05607476635515
