genotypes	genotype_numbers	Param_PlHeight_Geno0	Param_PlHeight_Geno1	Param_PlHeight_Geno11	Param_PlHeight_Geno12	Param_PlHeight_Geno13	Param_PlHeight_Geno14	Param_PlHeight_Geno18	Param_PlHeight_Geno22	Param_PlHeight_Geno29	Param_PlHeight_Geno3	Param_PlHeight_Geno42	Param_PlHeight_Geno51	Param_PlHeight_Geno74	Param_PlHeight_Geno80	Param_PlHeight_Geno87	Param_PlHeight_Geno9
Geno0,Geno1,Geno11,Geno12,Geno13,Geno14,Geno18,Geno22,Geno29,Geno3,Geno42,Geno51,Geno74,Geno80,Geno87,Geno9	81,1,1,1,3,1,1,1,3,1,1,1,1,1,1,1	140.0	113.64485981308412	127.24299065420561	106.35514018691589	120.93457943925235	92.89719626168224	135.37383177570095	125.56074766355142	116.44859813084113	98.50467289719629	110.56074766355141	114.90654205607478	132.99065420560748	141.96261682242994	111.82242990654208	126.12149532710282
