genotypes	genotype_numbers	Param_PlHeight_Geno0	Param_PlHeight_Geno1	Param_PlHeight_Geno10	Param_PlHeight_Geno27	Param_PlHeight_Geno5	Param_PlHeight_Geno54	Param_PlHeight_Geno67	Param_PlHeight_Geno71	Param_PlHeight_Geno76	Param_PlHeight_Geno87
Geno0,Geno1,Geno10,Geno27,Geno5,Geno54,Geno67,Geno71,Geno76,Geno87	2,67,3,5,14,1,4,2,1,1	135.23364485981307	140.0	121.77570093457945	131.30841121495328	139.1588785046729	144.06542056074767	113.64485981308412	142.80373831775702	124.57943925233646	139.57943925233647
