genotypes	genotype_numbers	Param_PlHeight_Geno0	Param_PlHeight_Geno1	Param_PlHeight_Geno16	Param_PlHeight_Geno18	Param_PlHeight_Geno2	Param_PlHeight_Geno28	Param_PlHeight_Geno35	Param_PlHeight_Geno37	Param_PlHeight_Geno44	Param_PlHeight_Geno53	Param_PlHeight_Geno58	Param_PlHeight_Geno61	Param_PlHeight_Geno72	Param_PlHeight_Geno78	Param_PlHeight_Geno81	Param_PlHeight_Geno9	Param_PlHeight_Geno93
Geno0,Geno1,Geno16,Geno18,Geno2,Geno28,Geno35,Geno37,Geno44,Geno53,Geno58,Geno61,Geno72,Geno78,Geno81,Geno9,Geno93	7,11,8,1,58,1,2,2,2,1,1,1,1,1,1,1,1	139.1588785046729	131.30841121495328	142.80373831775702	138.8785046728972	140.0	142.3831775700935	144.76635514018693	113.64485981308412	145.32710280373834	135.37383177570095	140.84112149532712	135.65420560747665	126.82242990654207	135.93457943925233	139.85981308411218	146.16822429906546	133.8317757009346
