genotypes	genotype_numbers	Param_PlHeight_Geno0	Param_PlHeight_Geno1	Param_PlHeight_Geno16	Param_PlHeight_Geno19	Param_PlHeight_Geno22	Param_PlHeight_Geno24	Param_PlHeight_Geno32	Param_PlHeight_Geno39	Param_PlHeight_Geno62	Param_PlHeight_Geno65	Param_PlHeight_Geno71	Param_PlHeight_Geno76	Param_PlHeight_Geno82	Param_PlHeight_Geno91	Param_PlHeight_Geno92	Param_PlHeight_Geno94	Param_PlHeight_Geno96
Geno0,Geno1,Geno16,Geno19,Geno22,Geno24,Geno32,Geno39,Geno62,Geno65,Geno71,Geno76,Geno82,Geno91,Geno92,Geno94,Geno96	2,79,1,4,1,1,2,1,1,1,1,1,1,1,1,1,1	116.44859813084113	140.0	124.29906542056077	120.93457943925235	92.89719626168224	128.78504672897196	111.82242990654208	140.0	106.35514018691589	138.03738317757012	114.90654205607478	125.98130841121497	132.99065420560748	115.88785046728974	130.4672897196262	128.22429906542058	139.1588785046729
