genotypes	genotype_numbers	Param_PlHeight_Geno0	Param_PlHeight_Geno17	Param_PlHeight_Geno23	Param_PlHeight_Geno30	Param_PlHeight_Geno39	Param_PlHeight_Geno4	Param_PlHeight_Geno44	Param_PlHeight_Geno48	Param_PlHeight_Geno57	Param_PlHeight_Geno58	Param_PlHeight_Geno62	Param_PlHeight_Geno76	Param_PlHeight_Geno81	Param_PlHeight_Geno83	Param_PlHeight_Geno9
Geno0,Geno17,Geno23,Geno30,Geno39,Geno4,Geno44,Geno48,Geno57,Geno58,Geno62,Geno76,Geno81,Geno83,Geno9	77,1,10,1,1,1,1,1,1,1,1,1,1,1,1	140.0	111.82242990654206	80.0	94.57943925233646	107.05607476635515	96.40186915887853	132.85046728971963	108.5981308411215	120.93457943925235	84.76635514018692	108.0373831775701	102.9906542056075	103.41121495327104	110.00000000000001	120.65420560747665
