genotypes	genotype_numbers	Param_PlHeight_Geno0	L_B_max_Geno0	GAI_c_Geno0	Param_PlHeight_Geno1	L_B_max_Geno1	GAI_c_Geno1
Geno0,Geno1	5,5	82.3076923076923	17.857142857142858	13.333333333333334	137.69230769230768	35.0	26.666666666666668
