individual	fitness	genotype
0	82.3076923076923	Geno0
1	82.3076923076923	Geno0
2	82.3076923076923	Geno0
3	82.3076923076923	Geno0
4	82.3076923076923	Geno0
5	137.69230769230768	Geno1
6	137.69230769230768	Geno1
7	137.69230769230768	Geno1
8	137.69230769230768	Geno1
9	137.69230769230768	Geno1
