genotypes	genotype_numbers	Param_PlHeight_Geno0	Param_PlHeight_Geno27	Param_PlHeight_Geno32	Param_PlHeight_Geno5	Param_PlHeight_Geno56	Param_PlHeight_Geno74	Param_PlHeight_Geno89	Param_PlHeight_Geno92
Geno0,Geno27,Geno32,Geno5,Geno56,Geno74,Geno89,Geno92	86,1,5,3,2,1,1,1	140.0	98.50467289719627	100.46728971962617	141.96261682242994	137.75700934579442	132.14953271028037	130.7476635514019	138.8785046728972
