genotypes	genotype_numbers	Param_PlHeight_Geno0	Param_PlHeight_Geno19	Param_PlHeight_Geno22	Param_PlHeight_Geno27	Param_PlHeight_Geno37	Param_PlHeight_Geno4	Param_PlHeight_Geno48	Param_PlHeight_Geno5	Param_PlHeight_Geno64	Param_PlHeight_Geno7	Param_PlHeight_Geno78	Param_PlHeight_Geno99
Geno0,Geno19,Geno22,Geno27,Geno37,Geno4,Geno48,Geno5,Geno64,Geno7,Geno78,Geno99	87,1,1,2,1,2,1,1,1,1,1,1	140.0	100.46728971962617	98.78504672897198	103.8317757009346	101.02803738317758	101.16822429906543	130.4672897196262	135.79439252336448	139.85981308411218	98.64485981308412	101.30841121495328	137.89719626168227
