genotypes	genotype_numbers	Param_PlHeight_Geno0	Param_PlHeight_Geno14	Param_PlHeight_Geno30	Param_PlHeight_Geno32	Param_PlHeight_Geno4	Param_PlHeight_Geno47	Param_PlHeight_Geno92
Geno0,Geno14,Geno30,Geno32,Geno4,Geno47,Geno92	90,2,1,2,3,1,1	140.0	133.5514018691589	132.99065420560748	100.46728971962617	137.75700934579442	132.14953271028037	134.67289719626172
