genotypes	genotype_numbers	Param_PlHeight_Geno0	Param_PlHeight_Geno1	Param_PlHeight_Geno27	Param_PlHeight_Geno31	Param_PlHeight_Geno40	Param_PlHeight_Geno44	Param_PlHeight_Geno5	Param_PlHeight_Geno6	Param_PlHeight_Geno60	Param_PlHeight_Geno72
Geno0,Geno1,Geno27,Geno31,Geno40,Geno44,Geno5,Geno6,Geno60,Geno72	4,86,2,2,1,1,1,1,1,1	100.46728971962617	140.0	138.8785046728972	138.8785046728972	135.79439252336448	139.85981308411218	137.75700934579442	139.85981308411218	133.5514018691589	138.3177570093458
