genotypes	genotype_numbers	Param_PlHeight_Geno0	Param_PlHeight_Geno2	Param_PlHeight_Geno28	Param_PlHeight_Geno42	Param_PlHeight_Geno50	Param_PlHeight_Geno54	Param_PlHeight_Geno69	Param_PlHeight_Geno9	Param_PlHeight_Geno94
Geno0,Geno2,Geno28,Geno42,Geno50,Geno54,Geno69,Geno9,Geno94	83,3,1,2,2,1,1,6,1	140.0	137.75700934579442	139.85981308411218	133.5514018691589	139.85981308411218	138.8785046728972	138.8785046728972	100.46728971962617	141.96261682242994
