genotypes	genotype_numbers	Param_PlHeight_Geno0	Param_PlHeight_Geno2	Param_PlHeight_Geno24	Param_PlHeight_Geno3	Param_PlHeight_Geno41	Param_PlHeight_Geno47	Param_PlHeight_Geno52	Param_PlHeight_Geno64	Param_PlHeight_Geno77	Param_PlHeight_Geno83
Geno0,Geno2,Geno24,Geno3,Geno41,Geno47,Geno52,Geno64,Geno77,Geno83	83,1,1,7,2,2,1,1,1,1	140.0	133.41121495327104	120.2336448598131	100.46728971962617	133.5514018691589	137.75700934579442	139.4392523364486	112.38317757009347	128.22429906542058	138.8785046728972
