genotypes	genotype_numbers	Param_PlHeight_Geno0	Param_PlHeight_Geno16	Param_PlHeight_Geno18	Param_PlHeight_Geno3	Param_PlHeight_Geno36	Param_PlHeight_Geno54	Param_PlHeight_Geno69	Param_PlHeight_Geno72	Param_PlHeight_Geno75	Param_PlHeight_Geno78	Param_PlHeight_Geno80	Param_PlHeight_Geno91
Geno0,Geno16,Geno18,Geno3,Geno36,Geno54,Geno69,Geno72,Geno75,Geno78,Geno80,Geno91	87,3,1,1,1,1,1,1,1,1,1,1	140.0	100.46728971962617	144.76635514018693	119.392523364486	132.28971962616822	101.30841121495328	119.25233644859814	98.78504672897198	98.50467289719627	137.75700934579442	139.85981308411218	130.1869158878505
