genotypes	genotype_numbers	Param_PlHeight_Geno0	Param_PlHeight_Geno1	Param_PlHeight_Geno15	Param_PlHeight_Geno23	Param_PlHeight_Geno29	Param_PlHeight_Geno51	Param_PlHeight_Geno71	Param_PlHeight_Geno78	Param_PlHeight_Geno8	Param_PlHeight_Geno82	Param_PlHeight_Geno84	Param_PlHeight_Geno89	Param_PlHeight_Geno91	Param_PlHeight_Geno94
Geno0,Geno1,Geno15,Geno23,Geno29,Geno51,Geno71,Geno78,Geno8,Geno82,Geno84,Geno89,Geno91,Geno94	1,87,1,1,1,1,1,1,1,1,1,1,1,1	102.14953271028038	140.0	128.22429906542058	111.82242990654208	138.8785046728972	103.8317757009346	125.56074766355142	141.96261682242994	110.84112149532712	118.41121495327104	106.07476635514018	101.16822429906543	101.30841121495328	97.94392523364488
