genotypes	genotype_numbers	Param_PlHeight_Geno0	Param_PlHeight_Geno19	Param_PlHeight_Geno31	Param_PlHeight_Geno35	Param_PlHeight_Geno41	Param_PlHeight_Geno43	Param_PlHeight_Geno6	Param_PlHeight_Geno71
Geno0,Geno19,Geno31,Geno35,Geno41,Geno43,Geno6,Geno71	87,1,1,4,1,1,4,1	140.0	141.96261682242994	132.71028037383178	137.75700934579442	98.50467289719627	138.8785046728972	100.46728971962617	138.8785046728972
