genotypes	genotype_numbers	Param_PlHeight_Geno0	Param_PlHeight_Geno1	Param_PlHeight_Geno12	Param_PlHeight_Geno13	Param_PlHeight_Geno19	Param_PlHeight_Geno30	Param_PlHeight_Geno40	Param_PlHeight_Geno43	Param_PlHeight_Geno55	Param_PlHeight_Geno67	Param_PlHeight_Geno70	Param_PlHeight_Geno73	Param_PlHeight_Geno89
Geno0,Geno1,Geno12,Geno13,Geno19,Geno30,Geno40,Geno43,Geno55,Geno67,Geno70,Geno73,Geno89	7,82,1,1,1,1,1,1,1,1,1,1,1	80.0	140.0	110.00000000000001	95.14018691588785	117.57009345794394	89.11214953271029	97.80373831775702	106.49532710280377	110.00000000000001	143.50467289719626	87.1495327102804	104.95327102803739	113.36448598130842
