genotypes	genotype_numbers	Param_PlHeight_Geno0	Param_PlHeight_Geno15	Param_PlHeight_Geno19	Param_PlHeight_Geno21	Param_PlHeight_Geno22	Param_PlHeight_Geno27	Param_PlHeight_Geno58	Param_PlHeight_Geno59	Param_PlHeight_Geno86	Param_PlHeight_Geno90
Geno0,Geno15,Geno19,Geno21,Geno22,Geno27,Geno58,Geno59,Geno86,Geno90	85,2,4,1,2,2,1,1,1,1	140.0	138.8785046728972	100.46728971962617	139.85981308411218	139.85981308411218	143.08411214953273	138.8785046728972	138.8785046728972	138.3177570093458	136.21495327102804
