genotypes	genotype_numbers	Param_PlHeight_Geno0	Param_PlHeight_Geno15	Param_PlHeight_Geno16	Param_PlHeight_Geno25	Param_PlHeight_Geno29	Param_PlHeight_Geno40	Param_PlHeight_Geno48	Param_PlHeight_Geno50	Param_PlHeight_Geno53	Param_PlHeight_Geno82	Param_PlHeight_Geno9
Geno0,Geno15,Geno16,Geno25,Geno29,Geno40,Geno48,Geno50,Geno53,Geno82,Geno9	89,1,1,1,1,2,1,1,1,1,1	140.0	102.42990654205609	101.72897196261684	103.69158878504675	111.40186915887853	80.0	106.77570093457945	99.62616822429908	105.93457943925233	125.42056074766357	111.82242990654208
