genotypes	genotype_numbers	Param_PlHeight_Geno0	Param_PlHeight_Geno1	Param_PlHeight_Geno16	Param_PlHeight_Geno4	Param_PlHeight_Geno56	Param_PlHeight_Geno61	Param_PlHeight_Geno90	Param_PlHeight_Geno92
Geno0,Geno1,Geno16,Geno4,Geno56,Geno61,Geno90,Geno92	4,84,1,6,2,1,1,1	100.46728971962617	140.0	138.8785046728972	133.5514018691589	137.75700934579442	117.00934579439253	120.2336448598131	140.98130841121497
