genotypes	genotype_numbers	Param_PlHeight_Geno0	Param_PlHeight_Geno10	Param_PlHeight_Geno2	Param_PlHeight_Geno22	Param_PlHeight_Geno40	Param_PlHeight_Geno6	Param_PlHeight_Geno67	Param_PlHeight_Geno74
Geno0,Geno10,Geno2,Geno22,Geno40,Geno6,Geno67,Geno74	90,1,3,1,2,1,1,1	140.0	141.54205607476638	133.5514018691589	141.54205607476638	137.75700934579442	100.46728971962617	136.21495327102804	138.3177570093458
