genotypes	genotype_numbers	Param_PlHeight_Geno0	Param_PlHeight_Geno1	Param_PlHeight_Geno2	Param_PlHeight_Geno3	Param_PlHeight_Geno4	Param_PlHeight_Geno5	Param_PlHeight_Geno6	Param_PlHeight_Geno7	Param_PlHeight_Geno8	Param_PlHeight_Geno9
Geno0,Geno1,Geno2,Geno3,Geno4,Geno5,Geno6,Geno7,Geno8,Geno9	1,1,1,1,1,1,1,1,1,1	110.17793103448275	113.25310344827585	91.06793103448275	86.23551724137931	75.47241379310344	77.66896551724138	98.75586206896551	71.95793103448275	101.83103448275861	97.43793103448274
