individual	fitness	genotype	Param_PlHeight	L_B_max	GAI_c
0	80.0	Geno0	80.0	20.0	6.666666666666667
1	80.0	Geno0	80.0	20.0	6.666666666666667
2	80.0	Geno0	80.0	20.0	6.666666666666667
3	80.0	Geno0	80.0	20.0	6.666666666666667
4	80.0	Geno0	80.0	20.0	6.666666666666667
5	140.0	Geno1	140.0	28.57142857142857	20.0
6	140.0	Geno1	140.0	28.57142857142857	20.0
7	140.0	Geno1	140.0	28.57142857142857	20.0
8	140.0	Geno1	140.0	28.57142857142857	20.0
9	140.0	Geno1	140.0	28.57142857142857	20.0
