genotypes	genotype_numbers	Param_PlHeight_Geno0	L_B_max_Geno0	GAI_c_Geno0	Param_PlHeight_Geno2	L_B_max_Geno2	GAI_c_Geno2
Geno0,Geno2	3,3	73.07692307692307	17.857142857142858	26.666666666666668	146.9230769230769	35.0	13.333333333333334
